{
  "Accuracy": 0.9436824605153782,
  "Precision": 0.9607914230383303,
  "Recall": 0.9118917217342684,
  "F1": 0.9333605905617197,
  "ConfusionMatrix": [
    [
      235,
      1,
      2,
      3,
      0,
      13,
      1
    ],
    [
      0,
      386,
      0,
      4,
      0,
      141,
      10
    ],
    [
      4,
      1,
      150,
      1,
      0,
      14,
      0
    ],
    [
      1,
      0,
      1,
      569,
      4,
      1,
      12
    ],
    [
      0,
      0,
      0,
      0,
      753,
      0,
      0
    ],
    [
      1,
      10,
      0,
      0,
      0,
      2017,
      0
    ],
    [
      0,
      14,
      0,
      5,
      0,
      27,
      431
    ]
  ],
  "Labels": [
    "babesia",
    "leishmania",
    "plasmodium",
    "toxoplasma1000x",
    "toxoplasma400x",
    "trichomonad",
    "trypanosome"
  ]
}