{
  "Accuracy": 0.943474646716542,
  "Precision": 0.9627637617540553,
  "Recall": 0.9120917300495505,
  "F1": 0.9335289522121215,
  "ConfusionMatrix": [
    [
      235,
      1,
      2,
      3,
      0,
      13,
      1
    ],
    [
      0,
      375,
      0,
      4,
      0,
      149,
      13
    ],
    [
      4,
      0,
      150,
      1,
      0,
      15,
      0
    ],
    [
      1,
      0,
      1,
      569,
      5,
      1,
      11
    ],
    [
      0,
      0,
      1,
      0,
      752,
      0,
      0
    ],
    [
      1,
      9,
      0,
      0,
      0,
      2017,
      1
    ],
    [
      0,
      4,
      0,
      3,
      0,
      28,
      442
    ]
  ],
  "Labels": [
    "babesia",
    "leishmania",
    "plasmodium",
    "toxoplasma1000x",
    "toxoplasma400x",
    "trichomonad",
    "trypanosome"
  ]
}