{
  "Accuracy": 0.8963009143807149,
  "Precision": 0.8980408915099947,
  "Recall": 0.886161299364485,
  "F1": 0.89109896886855,
  "ConfusionMatrix": [
    [
      239,
      3,
      1,
      2,
      1,
      9,
      0
    ],
    [
      5,
      291,
      0,
      21,
      2,
      205,
      17
    ],
    [
      3,
      1,
      165,
      0,
      0,
      1,
      0
    ],
    [
      4,
      11,
      1,
      540,
      8,
      10,
      14
    ],
    [
      0,
      0,
      0,
      2,
      751,
      0,
      0
    ],
    [
      5,
      115,
      0,
      5,
      3,
      1894,
      6
    ],
    [
      1,
      20,
      1,
      10,
      10,
      2,
      433
    ]
  ],
  "Labels": [
    "babesia",
    "leishmania",
    "plasmodium",
    "toxoplasma1000x",
    "toxoplasma400x",
    "trichomonad",
    "trypanosome"
  ],
  "ElapsedTrainSeconds": 7.21,
  "ElapsedTestSeconds": 0.01
}