{
  "Accuracy": 0.8960931005818786,
  "Precision": 0.8980010568582467,
  "Recall": 0.8861119639239761,
  "F1": 0.8911274607312699,
  "ConfusionMatrix": [
    [
      239,
      3,
      1,
      2,
      1,
      9,
      0
    ],
    [
      5,
      292,
      0,
      21,
      2,
      205,
      16
    ],
    [
      3,
      1,
      165,
      0,
      0,
      1,
      0
    ],
    [
      4,
      12,
      1,
      539,
      8,
      10,
      14
    ],
    [
      0,
      0,
      0,
      2,
      751,
      0,
      0
    ],
    [
      5,
      116,
      0,
      5,
      3,
      1893,
      6
    ],
    [
      1,
      21,
      1,
      9,
      10,
      2,
      433
    ]
  ],
  "Labels": [
    "babesia",
    "leishmania",
    "plasmodium",
    "toxoplasma1000x",
    "toxoplasma400x",
    "trichomonad",
    "trypanosome"
  ]
}