Accuracy,Precision,Recall,F1,TestTimeSeconds
0.98669991687448,0.978188018428322,0.985308810547004,0.981653752226903,161.336884
