{
  "Accuracy": 0.9430590191188695,
  "Precision": 0.9623761916536394,
  "Recall": 0.9111033080583943,
  "F1": 0.9328104392364109,
  "ConfusionMatrix": [
    [
      235,
      1,
      2,
      3,
      0,
      13,
      1
    ],
    [
      0,
      374,
      0,
      4,
      0,
      151,
      12
    ],
    [
      4,
      0,
      149,
      1,
      0,
      16,
      0
    ],
    [
      1,
      0,
      1,
      571,
      4,
      1,
      10
    ],
    [
      0,
      0,
      1,
      0,
      752,
      0,
      0
    ],
    [
      2,
      9,
      0,
      0,
      0,
      2016,
      1
    ],
    [
      0,
      5,
      0,
      3,
      0,
      28,
      441
    ]
  ],
  "Labels": [
    "babesia",
    "leishmania",
    "plasmodium",
    "toxoplasma1000x",
    "toxoplasma400x",
    "trichomonad",
    "trypanosome"
  ],
  "TrainElapsedSeconds": 3.32,
  "TestElapsedSeconds": 0.07
}