{
  "Accuracy": 0.9438902743142145,
  "Precision": 0.9624774372362543,
  "Recall": 0.9131052583475633,
  "F1": 0.9341215302953538,
  "ConfusionMatrix": [
    [
      235,
      1,
      2,
      3,
      0,
      13,
      1
    ],
    [
      0,
      378,
      0,
      5,
      0,
      146,
      12
    ],
    [
      4,
      0,
      150,
      1,
      0,
      15,
      0
    ],
    [
      1,
      0,
      1,
      570,
      5,
      1,
      10
    ],
    [
      0,
      0,
      0,
      0,
      753,
      0,
      0
    ],
    [
      2,
      9,
      0,
      0,
      0,
      2014,
      3
    ],
    [
      0,
      6,
      0,
      3,
      0,
      26,
      442
    ]
  ],
  "Labels": [
    "babesia",
    "leishmania",
    "plasmodium",
    "toxoplasma1000x",
    "toxoplasma400x",
    "trichomonad",
    "trypanosome"
  ]
}