{
  "Accuracy": 0.9035743973399833,
  "Precision": 0.8822227876305224,
  "Recall": 0.8711385750224337,
  "F1": 0.8762284368386654,
  "ConfusionMatrix": [
    [
      219,
      2,
      13,
      5,
      0,
      13,
      3
    ],
    [
      4,
      393,
      1,
      4,
      3,
      115,
      21
    ],
    [
      19,
      5,
      131,
      0,
      2,
      13,
      0
    ],
    [
      7,
      5,
      2,
      552,
      4,
      5,
      13
    ],
    [
      1,
      1,
      2,
      1,
      748,
      0,
      0
    ],
    [
      13,
      118,
      2,
      2,
      0,
      1885,
      8
    ],
    [
      3,
      14,
      1,
      16,
      1,
      22,
      420
    ]
  ],
  "Labels": [
    "babesia",
    "leishmania",
    "plasmodium",
    "toxoplasma1000x",
    "toxoplasma400x",
    "trichomonad",
    "trypanosome"
  ],
  "TrainElapsedSeconds": 1.7,
  "TestElapsedSeconds": 0.0
}