{
  "Accuracy": 0.9438902743142145,
  "Precision": 0.964031135668986,
  "Recall": 0.9119270198854619,
  "F1": 0.9339923823055537,
  "ConfusionMatrix": [
    [
      235,
      1,
      2,
      3,
      0,
      13,
      1
    ],
    [
      0,
      375,
      0,
      4,
      0,
      151,
      11
    ],
    [
      4,
      0,
      149,
      1,
      0,
      16,
      0
    ],
    [
      1,
      0,
      1,
      571,
      4,
      1,
      10
    ],
    [
      0,
      0,
      0,
      0,
      753,
      0,
      0
    ],
    [
      2,
      8,
      0,
      0,
      0,
      2017,
      1
    ],
    [
      0,
      5,
      0,
      3,
      0,
      27,
      442
    ]
  ],
  "Labels": [
    "babesia",
    "leishmania",
    "plasmodium",
    "toxoplasma1000x",
    "toxoplasma400x",
    "trichomonad",
    "trypanosome"
  ]
}