{
  "Accuracy": 0.9416043225270158,
  "Precision": 0.953594793203548,
  "Recall": 0.9207970920035234,
  "F1": 0.936050782482773,
  "ConfusionMatrix": [
    [
      242,
      6,
      0,
      1,
      0,
      5,
      1
    ],
    [
      0,
      427,
      0,
      3,
      1,
      106,
      4
    ],
    [
      3,
      3,
      153,
      0,
      0,
      11,
      0
    ],
    [
      2,
      2,
      1,
      574,
      1,
      6,
      2
    ],
    [
      0,
      0,
      0,
      1,
      752,
      0,
      0
    ],
    [
      0,
      55,
      0,
      0,
      0,
      1973,
      0
    ],
    [
      0,
      18,
      0,
      19,
      0,
      30,
      410
    ]
  ],
  "Labels": [
    "babesia",
    "leishmania",
    "plasmodium",
    "toxoplasma1000x",
    "toxoplasma400x",
    "trichomonad",
    "trypanosome"
  ]
}