{
  "Accuracy": 0.9048212801330008,
  "Precision": 0.8836331999996647,
  "Recall": 0.8727183608157174,
  "F1": 0.8777576167405742,
  "ConfusionMatrix": [
    [
      219,
      2,
      13,
      5,
      0,
      13,
      3
    ],
    [
      4,
      395,
      1,
      4,
      3,
      114,
      20
    ],
    [
      19,
      5,
      132,
      0,
      2,
      12,
      0
    ],
    [
      7,
      5,
      2,
      552,
      4,
      5,
      13
    ],
    [
      1,
      1,
      2,
      1,
      748,
      0,
      0
    ],
    [
      13,
      115,
      2,
      2,
      0,
      1888,
      8
    ],
    [
      3,
      13,
      1,
      16,
      1,
      23,
      420
    ]
  ],
  "Labels": [
    "babesia",
    "leishmania",
    "plasmodium",
    "toxoplasma1000x",
    "toxoplasma400x",
    "trichomonad",
    "trypanosome"
  ]
}