{
  "Accuracy": 0.9411886949293433,
  "Precision": 0.9532481917151033,
  "Recall": 0.920462588363176,
  "F1": 0.9357104931238451,
  "ConfusionMatrix": [
    [
      242,
      6,
      0,
      1,
      0,
      5,
      1
    ],
    [
      0,
      426,
      0,
      3,
      1,
      107,
      4
    ],
    [
      3,
      3,
      153,
      0,
      0,
      11,
      0
    ],
    [
      2,
      2,
      1,
      574,
      1,
      6,
      2
    ],
    [
      0,
      0,
      0,
      1,
      752,
      0,
      0
    ],
    [
      0,
      56,
      0,
      0,
      0,
      1972,
      0
    ],
    [
      0,
      18,
      0,
      19,
      0,
      30,
      410
    ]
  ],
  "Labels": [
    "babesia",
    "leishmania",
    "plasmodium",
    "toxoplasma1000x",
    "toxoplasma400x",
    "trichomonad",
    "trypanosome"
  ]
}