{
  "Accuracy": 0.8965087281795511,
  "Precision": 0.8982482868489509,
  "Recall": 0.8866189795107758,
  "F1": 0.8915257625195405,
  "ConfusionMatrix": [
    [
      239,
      3,
      1,
      2,
      1,
      9,
      0
    ],
    [
      5,
      293,
      0,
      21,
      2,
      204,
      16
    ],
    [
      3,
      1,
      165,
      0,
      0,
      1,
      0
    ],
    [
      4,
      12,
      1,
      540,
      8,
      9,
      14
    ],
    [
      0,
      0,
      0,
      2,
      751,
      0,
      0
    ],
    [
      5,
      116,
      0,
      5,
      3,
      1893,
      6
    ],
    [
      1,
      21,
      1,
      9,
      10,
      2,
      433
    ]
  ],
  "Labels": [
    "babesia",
    "leishmania",
    "plasmodium",
    "toxoplasma1000x",
    "toxoplasma400x",
    "trichomonad",
    "trypanosome"
  ]
}