{
  "Accuracy": 0.9389027431421446,
  "Precision": 0.9511968300817354,
  "Recall": 0.9175411039448277,
  "F1": 0.9329964767218603,
  "ConfusionMatrix": [
    [
      242,
      5,
      0,
      1,
      0,
      6,
      1
    ],
    [
      0,
      430,
      0,
      3,
      1,
      103,
      4
    ],
    [
      3,
      3,
      153,
      0,
      0,
      11,
      0
    ],
    [
      2,
      2,
      1,
      573,
      2,
      6,
      2
    ],
    [
      0,
      0,
      0,
      1,
      752,
      0,
      0
    ],
    [
      0,
      58,
      0,
      0,
      0,
      1970,
      0
    ],
    [
      0,
      22,
      0,
      22,
      0,
      35,
      398
    ]
  ],
  "Labels": [
    "babesia",
    "leishmania",
    "plasmodium",
    "toxoplasma1000x",
    "toxoplasma400x",
    "trichomonad",
    "trypanosome"
  ]
}