{
  "Accuracy": 0.942643391521197,
  "Precision": 0.9549435308765671,
  "Recall": 0.9228316467334893,
  "F1": 0.9377650265747963,
  "ConfusionMatrix": [
    [
      243,
      5,
      0,
      1,
      0,
      6,
      0
    ],
    [
      0,
      428,
      0,
      3,
      1,
      105,
      4
    ],
    [
      2,
      3,
      154,
      0,
      0,
      11,
      0
    ],
    [
      2,
      2,
      1,
      574,
      1,
      6,
      2
    ],
    [
      0,
      0,
      0,
      1,
      752,
      0,
      0
    ],
    [
      0,
      54,
      0,
      0,
      0,
      1974,
      0
    ],
    [
      0,
      17,
      0,
      21,
      0,
      28,
      411
    ]
  ],
  "Labels": [
    "babesia",
    "leishmania",
    "plasmodium",
    "toxoplasma1000x",
    "toxoplasma400x",
    "trichomonad",
    "trypanosome"
  ]
}