{
  "Accuracy": 0.8688694929343308,
  "Precision": 0.8758128431662369,
  "Recall": 0.8185407918126052,
  "F1": 0.838115321456869,
  "ConfusionMatrix": [
    [
      216,
      4,
      2,
      9,
      0,
      23,
      1
    ],
    [
      2,
      173,
      0,
      54,
      1,
      276,
      35
    ],
    [
      7,
      1,
      148,
      0,
      0,
      14,
      0
    ],
    [
      7,
      19,
      0,
      522,
      1,
      24,
      15
    ],
    [
      0,
      0,
      0,
      2,
      751,
      0,
      0
    ],
    [
      2,
      47,
      1,
      1,
      0,
      1973,
      4
    ],
    [
      0,
      27,
      0,
      7,
      2,
      43,
      398
    ]
  ],
  "Labels": [
    "babesia",
    "leishmania",
    "plasmodium",
    "toxoplasma1000x",
    "toxoplasma400x",
    "trichomonad",
    "trypanosome"
  ]
}