{
  "Accuracy": 0.9041978387364921,
  "Precision": 0.8828880351787897,
  "Recall": 0.8715789506442316,
  "F1": 0.8767805973301758,
  "ConfusionMatrix": [
    [
      219,
      2,
      13,
      5,
      0,
      13,
      3
    ],
    [
      4,
      393,
      1,
      4,
      3,
      115,
      21
    ],
    [
      19,
      5,
      131,
      0,
      2,
      13,
      0
    ],
    [
      7,
      5,
      2,
      552,
      4,
      5,
      13
    ],
    [
      1,
      1,
      2,
      1,
      748,
      0,
      0
    ],
    [
      13,
      116,
      2,
      2,
      0,
      1887,
      8
    ],
    [
      3,
      14,
      1,
      15,
      1,
      22,
      421
    ]
  ],
  "Labels": [
    "babesia",
    "leishmania",
    "plasmodium",
    "toxoplasma1000x",
    "toxoplasma400x",
    "trichomonad",
    "trypanosome"
  ]
}