Accuracy,Precision,Recall,F1,TestTimeSeconds
0.985660847880299,0.976291437245017,0.985062680449392,0.980551591053989,172.2887413
