{
  "Accuracy": 0.8682460515378221,
  "Precision": 0.8748063946398938,
  "Recall": 0.8174524451985435,
  "F1": 0.8370352622804569,
  "ConfusionMatrix": [
    [
      215,
      4,
      2,
      9,
      0,
      24,
      1
    ],
    [
      2,
      171,
      0,
      54,
      2,
      277,
      35
    ],
    [
      7,
      1,
      148,
      0,
      0,
      14,
      0
    ],
    [
      7,
      20,
      0,
      522,
      1,
      23,
      15
    ],
    [
      0,
      0,
      0,
      2,
      751,
      0,
      0
    ],
    [
      2,
      47,
      1,
      1,
      0,
      1973,
      4
    ],
    [
      0,
      27,
      0,
      7,
      2,
      43,
      398
    ]
  ],
  "Labels": [
    "babesia",
    "leishmania",
    "plasmodium",
    "toxoplasma1000x",
    "toxoplasma400x",
    "trichomonad",
    "trypanosome"
  ]
}