{
  "Accuracy": 0.8952618453865336,
  "Precision": 0.8954760373725549,
  "Recall": 0.8850308670708965,
  "F1": 0.8892275376957135,
  "ConfusionMatrix": [
    [
      240,
      3,
      1,
      2,
      1,
      8,
      0
    ],
    [
      5,
      288,
      0,
      20,
      2,
      207,
      19
    ],
    [
      3,
      1,
      165,
      0,
      0,
      1,
      0
    ],
    [
      4,
      12,
      1,
      540,
      7,
      8,
      16
    ],
    [
      0,
      0,
      0,
      2,
      751,
      0,
      0
    ],
    [
      5,
      113,
      1,
      5,
      3,
      1894,
      7
    ],
    [
      1,
      22,
      1,
      11,
      10,
      2,
      430
    ]
  ],
  "Labels": [
    "babesia",
    "leishmania",
    "plasmodium",
    "toxoplasma1000x",
    "toxoplasma400x",
    "trichomonad",
    "trypanosome"
  ]
}