{
  "Accuracy": 0.8678304239401496,
  "Precision": 0.8739723767708536,
  "Recall": 0.8176394080064107,
  "F1": 0.836706542783766,
  "ConfusionMatrix": [
    [
      217,
      4,
      2,
      9,
      0,
      22,
      1
    ],
    [
      2,
      170,
      0,
      55,
      2,
      276,
      36
    ],
    [
      7,
      1,
      148,
      0,
      0,
      14,
      0
    ],
    [
      7,
      19,
      0,
      522,
      1,
      24,
      15
    ],
    [
      0,
      0,
      0,
      2,
      751,
      0,
      0
    ],
    [
      2,
      47,
      1,
      2,
      0,
      1972,
      4
    ],
    [
      0,
      28,
      0,
      7,
      2,
      44,
      396
    ]
  ],
  "Labels": [
    "babesia",
    "leishmania",
    "plasmodium",
    "toxoplasma1000x",
    "toxoplasma400x",
    "trichomonad",
    "trypanosome"
  ]
}