{
  "Accuracy": 0.8815461346633416,
  "Precision": 0.8764112725849823,
  "Recall": 0.8753200386984036,
  "F1": 0.8753225385592135,
  "ConfusionMatrix": [
    [
      242,
      1,
      1,
      2,
      2,
      6,
      1
    ],
    [
      6,
      287,
      2,
      23,
      3,
      200,
      20
    ],
    [
      5,
      1,
      163,
      0,
      0,
      1,
      0
    ],
    [
      8,
      9,
      1,
      535,
      12,
      8,
      15
    ],
    [
      0,
      0,
      1,
      3,
      749,
      0,
      0
    ],
    [
      3,
      144,
      1,
      10,
      11,
      1850,
      9
    ],
    [
      1,
      30,
      1,
      18,
      10,
      1,
      416
    ]
  ],
  "Labels": [
    "babesia",
    "leishmania",
    "plasmodium",
    "toxoplasma1000x",
    "toxoplasma400x",
    "trichomonad",
    "trypanosome"
  ]
}