{
  "Accuracy": 0.9046134663341646,
  "Precision": 0.8819988097028589,
  "Recall": 0.8733663318079808,
  "F1": 0.8774547975733572,
  "ConfusionMatrix": [
    [
      217,
      2,
      16,
      4,
      0,
      13,
      3
    ],
    [
      4,
      397,
      1,
      4,
      3,
      113,
      19
    ],
    [
      18,
      4,
      134,
      0,
      2,
      12,
      0
    ],
    [
      7,
      5,
      2,
      552,
      4,
      5,
      13
    ],
    [
      1,
      1,
      2,
      1,
      748,
      0,
      0
    ],
    [
      13,
      116,
      2,
      2,
      0,
      1886,
      9
    ],
    [
      3,
      14,
      1,
      16,
      1,
      23,
      419
    ]
  ],
  "Labels": [
    "babesia",
    "leishmania",
    "plasmodium",
    "toxoplasma1000x",
    "toxoplasma400x",
    "trichomonad",
    "trypanosome"
  ]
}