{
  "Accuracy": 0.9436824605153782,
  "Precision": 0.963102425786699,
  "Recall": 0.9117018729609547,
  "F1": 0.9335484117840284,
  "ConfusionMatrix": [
    [
      235,
      1,
      2,
      3,
      0,
      13,
      1
    ],
    [
      0,
      376,
      0,
      4,
      0,
      149,
      12
    ],
    [
      4,
      0,
      149,
      1,
      0,
      16,
      0
    ],
    [
      1,
      0,
      1,
      571,
      4,
      1,
      10
    ],
    [
      0,
      0,
      1,
      0,
      752,
      0,
      0
    ],
    [
      1,
      9,
      0,
      0,
      0,
      2017,
      1
    ],
    [
      0,
      5,
      0,
      3,
      0,
      28,
      441
    ]
  ],
  "Labels": [
    "babesia",
    "leishmania",
    "plasmodium",
    "toxoplasma1000x",
    "toxoplasma400x",
    "trichomonad",
    "trypanosome"
  ]
}