{
  "Accuracy": 0.943474646716542,
  "Precision": 0.9630301438431118,
  "Recall": 0.911437811698742,
  "F1": 0.9333334640889989,
  "ConfusionMatrix": [
    [
      235,
      1,
      2,
      3,
      0,
      13,
      1
    ],
    [
      0,
      375,
      0,
      4,
      0,
      150,
      12
    ],
    [
      4,
      0,
      149,
      1,
      0,
      16,
      0
    ],
    [
      1,
      0,
      1,
      571,
      4,
      1,
      10
    ],
    [
      0,
      0,
      1,
      0,
      752,
      0,
      0
    ],
    [
      1,
      9,
      0,
      0,
      0,
      2017,
      1
    ],
    [
      0,
      5,
      0,
      3,
      0,
      28,
      441
    ]
  ],
  "Labels": [
    "babesia",
    "leishmania",
    "plasmodium",
    "toxoplasma1000x",
    "toxoplasma400x",
    "trichomonad",
    "trypanosome"
  ]
}