{
  "Accuracy": 0.9413965087281796,
  "Precision": 0.9533566685527642,
  "Recall": 0.9207266496253889,
  "F1": 0.9359045331727717,
  "ConfusionMatrix": [
    [
      242,
      6,
      0,
      1,
      0,
      5,
      1
    ],
    [
      0,
      427,
      0,
      3,
      1,
      106,
      4
    ],
    [
      3,
      3,
      153,
      0,
      0,
      11,
      0
    ],
    [
      2,
      2,
      1,
      574,
      1,
      6,
      2
    ],
    [
      0,
      0,
      0,
      1,
      752,
      0,
      0
    ],
    [
      0,
      56,
      0,
      0,
      0,
      1972,
      0
    ],
    [
      0,
      18,
      0,
      19,
      0,
      30,
      410
    ]
  ],
  "Labels": [
    "babesia",
    "leishmania",
    "plasmodium",
    "toxoplasma1000x",
    "toxoplasma400x",
    "trichomonad",
    "trypanosome"
  ]
}