{
  "Accuracy": 0.8607647547797174,
  "Precision": 0.8605074794164594,
  "Recall": 0.8099980124217196,
  "F1": 0.8270898429567932,
  "ConfusionMatrix": [
    [
      218,
      4,
      1,
      9,
      0,
      22,
      1
    ],
    [
      3,
      160,
      0,
      61,
      2,
      270,
      45
    ],
    [
      8,
      1,
      145,
      0,
      0,
      16,
      0
    ],
    [
      9,
      24,
      0,
      520,
      0,
      21,
      14
    ],
    [
      0,
      0,
      0,
      2,
      751,
      0,
      0
    ],
    [
      4,
      59,
      1,
      2,
      1,
      1957,
      4
    ],
    [
      0,
      27,
      0,
      9,
      1,
      49,
      391
    ]
  ],
  "Labels": [
    "babesia",
    "leishmania",
    "plasmodium",
    "toxoplasma1000x",
    "toxoplasma400x",
    "trichomonad",
    "trypanosome"
  ]
}