Accuracy,Precision,Recall,F1,TestTime
0.985868661679135,0.976361879623151,0.985448598352896,0.980770092825184,72.0163314
