{
  "Accuracy": 0.9029509559434746,
  "Precision": 0.8796521934933671,
  "Recall": 0.87150721333674,
  "F1": 0.875189849752385,
  "ConfusionMatrix": [
    [
      218,
      2,
      14,
      5,
      0,
      13,
      3
    ],
    [
      4,
      400,
      1,
      4,
      3,
      109,
      20
    ],
    [
      20,
      4,
      131,
      0,
      2,
      13,
      0
    ],
    [
      7,
      5,
      2,
      553,
      4,
      5,
      12
    ],
    [
      2,
      0,
      2,
      1,
      748,
      0,
      0
    ],
    [
      13,
      124,
      3,
      2,
      0,
      1877,
      9
    ],
    [
      3,
      14,
      1,
      17,
      1,
      23,
      418
    ]
  ],
  "Labels": [
    "babesia",
    "leishmania",
    "plasmodium",
    "toxoplasma1000x",
    "toxoplasma400x",
    "trichomonad",
    "trypanosome"
  ]
}