{
  "Accuracy": 0.9041978387364921,
  "Precision": 0.8829003801523749,
  "Recall": 0.8725070336813133,
  "F1": 0.8772892919089691,
  "ConfusionMatrix": [
    [
      219,
      2,
      13,
      5,
      0,
      13,
      3
    ],
    [
      4,
      395,
      1,
      4,
      3,
      114,
      20
    ],
    [
      19,
      5,
      132,
      0,
      2,
      12,
      0
    ],
    [
      7,
      5,
      2,
      552,
      4,
      5,
      13
    ],
    [
      1,
      1,
      2,
      1,
      748,
      0,
      0
    ],
    [
      13,
      118,
      2,
      2,
      0,
      1885,
      8
    ],
    [
      3,
      14,
      1,
      16,
      1,
      22,
      420
    ]
  ],
  "Labels": [
    "babesia",
    "leishmania",
    "plasmodium",
    "toxoplasma1000x",
    "toxoplasma400x",
    "trichomonad",
    "trypanosome"
  ]
}