Accuracy,Precision,Recall,F1,TestTimeSeconds
0.927472984206151,0.917029077309572,0.917769814483642,0.914859636452537,157.3850207
