{
  "Accuracy": 0.89214463840399,
  "Precision": 0.8903247630298023,
  "Recall": 0.8808291705154859,
  "F1": 0.8844782779948549,
  "ConfusionMatrix": [
    [
      239,
      3,
      1,
      2,
      1,
      9,
      0
    ],
    [
      5,
      282,
      0,
      21,
      2,
      212,
      19
    ],
    [
      3,
      1,
      165,
      0,
      0,
      1,
      0
    ],
    [
      3,
      11,
      1,
      540,
      8,
      9,
      16
    ],
    [
      0,
      0,
      1,
      2,
      750,
      0,
      0
    ],
    [
      6,
      112,
      3,
      5,
      3,
      1893,
      6
    ],
    [
      2,
      27,
      1,
      11,
      11,
      1,
      424
    ]
  ],
  "Labels": [
    "babesia",
    "leishmania",
    "plasmodium",
    "toxoplasma1000x",
    "toxoplasma400x",
    "trichomonad",
    "trypanosome"
  ]
}