Accuracy,Precision,Recall,F1,TestTimeSeconds
0.976101413133832,0.970979910578579,0.971736850189609,0.971250450976064,165.2919105
