{
  "Accuracy": 0.942643391521197,
  "Precision": 0.9622748168102923,
  "Recall": 0.9105962924715945,
  "F1": 0.9325433899175275,
  "ConfusionMatrix": [
    [
      235,
      1,
      2,
      3,
      0,
      13,
      1
    ],
    [
      0,
      373,
      0,
      4,
      0,
      153,
      11
    ],
    [
      4,
      0,
      149,
      1,
      0,
      16,
      0
    ],
    [
      1,
      0,
      1,
      570,
      5,
      1,
      10
    ],
    [
      0,
      0,
      1,
      0,
      752,
      0,
      0
    ],
    [
      1,
      10,
      0,
      0,
      0,
      2016,
      1
    ],
    [
      0,
      6,
      0,
      3,
      0,
      27,
      441
    ]
  ],
  "Labels": [
    "babesia",
    "leishmania",
    "plasmodium",
    "toxoplasma1000x",
    "toxoplasma400x",
    "trichomonad",
    "trypanosome"
  ]
}