{
  "Accuracy": 0.9037822111388196,
  "Precision": 0.8817583083859689,
  "Recall": 0.8709339615107713,
  "F1": 0.8759427372198452,
  "ConfusionMatrix": [
    [
      218,
      2,
      14,
      5,
      0,
      13,
      3
    ],
    [
      4,
      395,
      1,
      4,
      3,
      114,
      20
    ],
    [
      19,
      5,
      131,
      0,
      2,
      13,
      0
    ],
    [
      7,
      5,
      2,
      551,
      4,
      5,
      14
    ],
    [
      1,
      1,
      2,
      1,
      748,
      0,
      0
    ],
    [
      13,
      117,
      2,
      2,
      0,
      1886,
      8
    ],
    [
      3,
      15,
      1,
      15,
      1,
      22,
      420
    ]
  ],
  "Labels": [
    "babesia",
    "leishmania",
    "plasmodium",
    "toxoplasma1000x",
    "toxoplasma400x",
    "trichomonad",
    "trypanosome"
  ]
}