Accuracy,Precision,Recall,F1,TestTimeSeconds
0.985660847880299,0.976097818360939,0.985261873277727,0.980539123172196,164.1982538
