Accuracy,Precision,Recall,F1,TestTimeSeconds
0.985660847880299,0.975521543488698,0.985037811082977,0.98014262781794,165.1355845
