{
  "Accuracy": 0.8680382377389859,
  "Precision": 0.8752145302648373,
  "Recall": 0.8183780914010438,
  "F1": 0.8374327004484731,
  "ConfusionMatrix": [
    [
      217,
      4,
      2,
      7,
      0,
      24,
      1
    ],
    [
      2,
      168,
      0,
      54,
      2,
      281,
      34
    ],
    [
      7,
      1,
      149,
      0,
      0,
      13,
      0
    ],
    [
      7,
      19,
      0,
      521,
      1,
      25,
      15
    ],
    [
      0,
      0,
      0,
      2,
      751,
      0,
      0
    ],
    [
      2,
      46,
      1,
      2,
      0,
      1973,
      4
    ],
    [
      0,
      27,
      0,
      7,
      2,
      43,
      398
    ]
  ],
  "Labels": [
    "babesia",
    "leishmania",
    "plasmodium",
    "toxoplasma1000x",
    "toxoplasma400x",
    "trichomonad",
    "trypanosome"
  ]
}