{
  "Accuracy": 0.9029509559434746,
  "Precision": 0.8780411143760753,
  "Recall": 0.8712984348735808,
  "F1": 0.8743869056010402,
  "ConfusionMatrix": [
    [
      217,
      2,
      17,
      4,
      0,
      12,
      3
    ],
    [
      5,
      396,
      1,
      4,
      3,
      109,
      23
    ],
    [
      19,
      5,
      132,
      0,
      2,
      12,
      0
    ],
    [
      7,
      5,
      2,
      552,
      4,
      5,
      13
    ],
    [
      1,
      1,
      2,
      1,
      748,
      0,
      0
    ],
    [
      14,
      120,
      1,
      2,
      0,
      1880,
      11
    ],
    [
      3,
      13,
      1,
      17,
      1,
      22,
      420
    ]
  ],
  "Labels": [
    "babesia",
    "leishmania",
    "plasmodium",
    "toxoplasma1000x",
    "toxoplasma400x",
    "trichomonad",
    "trypanosome"
  ]
}