{
  "Accuracy": 0.8952618453865336,
  "Precision": 0.8725625659974744,
  "Recall": 0.8635380384639203,
  "F1": 0.8673056607917486,
  "ConfusionMatrix": [
    [
      218,
      2,
      16,
      4,
      0,
      13,
      2
    ],
    [
      3,
      407,
      1,
      4,
      3,
      104,
      19
    ],
    [
      19,
      8,
      128,
      1,
      2,
      12,
      0
    ],
    [
      6,
      5,
      2,
      554,
      4,
      6,
      11
    ],
    [
      1,
      1,
      2,
      1,
      748,
      0,
      0
    ],
    [
      14,
      149,
      3,
      2,
      0,
      1855,
      5
    ],
    [
      2,
      15,
      2,
      26,
      1,
      33,
      398
    ]
  ],
  "Labels": [
    "babesia",
    "leishmania",
    "plasmodium",
    "toxoplasma1000x",
    "toxoplasma400x",
    "trichomonad",
    "trypanosome"
  ]
}