{
  "Accuracy": 0.8958852867830424,
  "Precision": 0.8975841190875442,
  "Recall": 0.8857913661208217,
  "F1": 0.8907255168512089,
  "ConfusionMatrix": [
    [
      239,
      3,
      1,
      2,
      1,
      9,
      0
    ],
    [
      5,
      291,
      0,
      21,
      2,
      205,
      17
    ],
    [
      3,
      1,
      165,
      0,
      0,
      1,
      0
    ],
    [
      4,
      11,
      1,
      540,
      8,
      10,
      14
    ],
    [
      0,
      0,
      0,
      2,
      751,
      0,
      0
    ],
    [
      5,
      116,
      0,
      5,
      3,
      1893,
      6
    ],
    [
      1,
      21,
      1,
      10,
      10,
      2,
      432
    ]
  ],
  "Labels": [
    "babesia",
    "leishmania",
    "plasmodium",
    "toxoplasma1000x",
    "toxoplasma400x",
    "trichomonad",
    "trypanosome"
  ]
}