{
  "Accuracy": 0.8688694929343308,
  "Precision": 0.8758300981629302,
  "Recall": 0.8188580615776541,
  "F1": 0.8383057890580113,
  "ConfusionMatrix": [
    [
      217,
      4,
      2,
      9,
      0,
      22,
      1
    ],
    [
      2,
      173,
      0,
      54,
      1,
      276,
      35
    ],
    [
      7,
      1,
      148,
      0,
      0,
      14,
      0
    ],
    [
      7,
      19,
      0,
      521,
      1,
      25,
      15
    ],
    [
      0,
      0,
      0,
      2,
      751,
      0,
      0
    ],
    [
      2,
      47,
      1,
      1,
      0,
      1973,
      4
    ],
    [
      0,
      27,
      0,
      7,
      2,
      43,
      398
    ]
  ],
  "Labels": [
    "babesia",
    "leishmania",
    "plasmodium",
    "toxoplasma1000x",
    "toxoplasma400x",
    "trichomonad",
    "trypanosome"
  ],
  "TrainElapsedSeconds": 2.61,
  "TestElapsedSeconds": 0.0
}