{
  "Accuracy": 0.9048212801330008,
  "Precision": 0.8834178914233003,
  "Recall": 0.8732592060846426,
  "F1": 0.8779993706678146,
  "ConfusionMatrix": [
    [
      219,
      2,
      14,
      4,
      0,
      13,
      3
    ],
    [
      4,
      395,
      1,
      4,
      3,
      114,
      20
    ],
    [
      18,
      5,
      133,
      0,
      2,
      12,
      0
    ],
    [
      7,
      5,
      2,
      552,
      4,
      5,
      13
    ],
    [
      1,
      1,
      2,
      1,
      748,
      0,
      0
    ],
    [
      13,
      115,
      2,
      2,
      0,
      1888,
      8
    ],
    [
      3,
      14,
      1,
      16,
      1,
      23,
      419
    ]
  ],
  "Labels": [
    "babesia",
    "leishmania",
    "plasmodium",
    "toxoplasma1000x",
    "toxoplasma400x",
    "trichomonad",
    "trypanosome"
  ]
}