{
  "Accuracy": 0.8958852867830424,
  "Precision": 0.8976515764466988,
  "Recall": 0.8851750798652713,
  "F1": 0.8903455028889938,
  "ConfusionMatrix": [
    [
      239,
      3,
      1,
      2,
      1,
      9,
      0
    ],
    [
      5,
      289,
      0,
      21,
      2,
      207,
      17
    ],
    [
      3,
      1,
      165,
      0,
      0,
      1,
      0
    ],
    [
      4,
      11,
      1,
      540,
      8,
      10,
      14
    ],
    [
      0,
      0,
      0,
      2,
      751,
      0,
      0
    ],
    [
      5,
      113,
      0,
      5,
      3,
      1896,
      6
    ],
    [
      1,
      21,
      1,
      11,
      10,
      2,
      431
    ]
  ],
  "Labels": [
    "babesia",
    "leishmania",
    "plasmodium",
    "toxoplasma1000x",
    "toxoplasma400x",
    "trichomonad",
    "trypanosome"
  ]
}