Accuracy,Precision,Recall,F1,TestTimeSeconds
0.985453034081463,0.976027375982804,0.984988140802614,0.980374905469549,169.0160469
