{
  "Accuracy": 0.9428512053200333,
  "Precision": 0.9628131759015386,
  "Recall": 0.9106456279121035,
  "F1": 0.9326863434409797,
  "ConfusionMatrix": [
    [
      235,
      1,
      2,
      3,
      0,
      13,
      1
    ],
    [
      0,
      372,
      0,
      4,
      0,
      153,
      12
    ],
    [
      4,
      0,
      149,
      1,
      0,
      16,
      0
    ],
    [
      1,
      0,
      1,
      571,
      4,
      1,
      10
    ],
    [
      0,
      0,
      1,
      0,
      752,
      0,
      0
    ],
    [
      1,
      9,
      0,
      0,
      0,
      2017,
      1
    ],
    [
      0,
      5,
      0,
      3,
      0,
      28,
      441
    ]
  ],
  "Labels": [
    "babesia",
    "leishmania",
    "plasmodium",
    "toxoplasma1000x",
    "toxoplasma400x",
    "trichomonad",
    "trypanosome"
  ]
}