{
  "Accuracy": 0.8684538653366584,
  "Precision": 0.8728350457102649,
  "Recall": 0.81928156260612,
  "F1": 0.8372734617558061,
  "ConfusionMatrix": [
    [
      217,
      4,
      2,
      9,
      0,
      22,
      1
    ],
    [
      2,
      170,
      0,
      54,
      1,
      277,
      37
    ],
    [
      8,
      1,
      148,
      0,
      0,
      13,
      0
    ],
    [
      7,
      20,
      0,
      521,
      1,
      24,
      15
    ],
    [
      0,
      0,
      0,
      2,
      751,
      0,
      0
    ],
    [
      3,
      49,
      1,
      2,
      0,
      1969,
      4
    ],
    [
      0,
      27,
      0,
      7,
      2,
      38,
      403
    ]
  ],
  "Labels": [
    "babesia",
    "leishmania",
    "plasmodium",
    "toxoplasma1000x",
    "toxoplasma400x",
    "trichomonad",
    "trypanosome"
  ]
}