{
  "Accuracy": 0.8969243557772236,
  "Precision": 0.8988894305362763,
  "Recall": 0.8861004729327192,
  "F1": 0.8915086943555479,
  "ConfusionMatrix": [
    [
      238,
      3,
      1,
      1,
      1,
      11,
      0
    ],
    [
      4,
      293,
      0,
      19,
      2,
      205,
      18
    ],
    [
      3,
      1,
      165,
      0,
      0,
      1,
      0
    ],
    [
      3,
      11,
      1,
      543,
      6,
      9,
      15
    ],
    [
      0,
      0,
      0,
      2,
      751,
      0,
      0
    ],
    [
      5,
      111,
      1,
      5,
      4,
      1896,
      6
    ],
    [
      1,
      23,
      1,
      10,
      10,
      2,
      430
    ]
  ],
  "Labels": [
    "babesia",
    "leishmania",
    "plasmodium",
    "toxoplasma1000x",
    "toxoplasma400x",
    "trichomonad",
    "trypanosome"
  ]
}