{
  "gaussian_blur_s1.0": {
    "Accuracy": 0.9607231920199502,
    "Precision": 0.9722713187375712,
    "Recall": 0.9390395044602462,
    "F1": 0.9545344191676762,
    "ConfusionMatrix": [
      [
        239,
        1,
        1,
        1,
        0,
        13,
        0
      ],
      [
        0,
        442,
        0,
        2,
        1,
        90,
        6
      ],
      [
        1,
        3,
        156,
        0,
        1,
        9,
        0
      ],
      [
        1,
        2,
        0,
        568,
        3,
        3,
        11
      ],
      [
        0,
        0,
        0,
        0,
        753,
        0,
        0
      ],
      [
        1,
        10,
        1,
        0,
        0,
        2016,
        0
      ],
      [
        0,
        8,
        0,
        5,
        0,
        15,
        449
      ]
    ],
    "Labels": [
      "babesia",
      "leishmania",
      "plasmodium",
      "toxoplasma1000x",
      "toxoplasma400x",
      "trichomonad",
      "trypanosome"
    ],
    "TestElapsedSeconds": 29.32
  },
  "gaussian_blur_s2.0": {
    "Accuracy": 0.9605153782211139,
    "Precision": 0.972197603855389,
    "Recall": 0.9387400135947176,
    "F1": 0.9543424760577273,
    "ConfusionMatrix": [
      [
        239,
        1,
        1,
        1,
        0,
        13,
        0
      ],
      [
        0,
        442,
        0,
        2,
        1,
        90,
        6
      ],
      [
        1,
        3,
        156,
        0,
        1,
        9,
        0
      ],
      [
        1,
        2,
        0,
        568,
        3,
        3,
        11
      ],
      [
        0,
        0,
        0,
        0,
        753,
        0,
        0
      ],
      [
        1,
        10,
        1,
        0,
        0,
        2016,
        0
      ],
      [
        0,
        8,
        0,
        5,
        0,
        16,
        448
      ]
    ],
    "Labels": [
      "babesia",
      "leishmania",
      "plasmodium",
      "toxoplasma1000x",
      "toxoplasma400x",
      "trichomonad",
      "trypanosome"
    ],
    "TestElapsedSeconds": 27.26
  },
  "gaussian_noise_s15": {
    "Accuracy": 0.9607231920199502,
    "Precision": 0.9717455115748376,
    "Recall": 0.9397882912789396,
    "F1": 0.9546583304468647,
    "ConfusionMatrix": [
      [
        239,
        1,
        1,
        1,
        0,
        13,
        0
      ],
      [
        0,
        441,
        0,
        2,
        1,
        89,
        8
      ],
      [
        1,
        3,
        157,
        0,
        1,
        8,
        0
      ],
      [
        1,
        2,
        0,
        569,
        3,
        3,
        10
      ],
      [
        0,
        0,
        0,
        0,
        753,
        0,
        0
      ],
      [
        2,
        10,
        1,
        0,
        0,
        2015,
        0
      ],
      [
        0,
        7,
        0,
        5,
        0,
        16,
        449
      ]
    ],
    "Labels": [
      "babesia",
      "leishmania",
      "plasmodium",
      "toxoplasma1000x",
      "toxoplasma400x",
      "trichomonad",
      "trypanosome"
    ],
    "TestElapsedSeconds": 26.85
  },
  "gaussian_noise_s5": {
    "Accuracy": 0.9605153782211139,
    "Precision": 0.9716822332590525,
    "Recall": 0.9395453369543525,
    "F1": 0.9545191728621971,
    "ConfusionMatrix": [
      [
        239,
        1,
        1,
        1,
        0,
        13,
        0
      ],
      [
        0,
        441,
        0,
        2,
        1,
        91,
        6
      ],
      [
        1,
        3,
        157,
        0,
        1,
        8,
        0
      ],
      [
        1,
        2,
        0,
        568,
        3,
        3,
        11
      ],
      [
        0,
        0,
        0,
        0,
        753,
        0,
        0
      ],
      [
        2,
        10,
        1,
        0,
        0,
        2015,
        0
      ],
      [
        0,
        8,
        0,
        5,
        0,
        15,
        449
      ]
    ],
    "Labels": [
      "babesia",
      "leishmania",
      "plasmodium",
      "toxoplasma1000x",
      "toxoplasma400x",
      "trichomonad",
      "trypanosome"
    ],
    "TestElapsedSeconds": 26.9
  },
  "jpeg_q20": {
    "Accuracy": 0.9584372402327515,
    "Precision": 0.9680185049728707,
    "Recall": 0.9367992181455349,
    "F1": 0.951600537778708,
    "ConfusionMatrix": [
      [
        240,
        3,
        1,
        0,
        0,
        11,
        0
      ],
      [
        0,
        448,
        0,
        2,
        1,
        83,
        7
      ],
      [
        1,
        2,
        155,
        0,
        1,
        11,
        0
      ],
      [
        1,
        2,
        0,
        569,
        3,
        3,
        10
      ],
      [
        0,
        0,
        0,
        0,
        753,
        0,
        0
      ],
      [
        2,
        17,
        0,
        0,
        0,
        2009,
        0
      ],
      [
        0,
        17,
        0,
        7,
        0,
        15,
        438
      ]
    ],
    "Labels": [
      "babesia",
      "leishmania",
      "plasmodium",
      "toxoplasma1000x",
      "toxoplasma400x",
      "trichomonad",
      "trypanosome"
    ],
    "TestElapsedSeconds": 22.98
  },
  "jpeg_q40": {
    "Accuracy": 0.9600997506234414,
    "Precision": 0.970871378113803,
    "Recall": 0.9391377716154311,
    "F1": 0.9539727636163369,
    "ConfusionMatrix": [
      [
        239,
        1,
        1,
        1,
        0,
        13,
        0
      ],
      [
        0,
        443,
        0,
        2,
        1,
        88,
        7
      ],
      [
        1,
        2,
        156,
        0,
        1,
        10,
        0
      ],
      [
        1,
        2,
        0,
        570,
        3,
        3,
        9
      ],
      [
        0,
        0,
        0,
        0,
        753,
        0,
        0
      ],
      [
        2,
        12,
        1,
        0,
        0,
        2011,
        2
      ],
      [
        0,
        9,
        0,
        5,
        0,
        15,
        448
      ]
    ],
    "Labels": [
      "babesia",
      "leishmania",
      "plasmodium",
      "toxoplasma1000x",
      "toxoplasma400x",
      "trichomonad",
      "trypanosome"
    ],
    "TestElapsedSeconds": 21.0
  },
  "jpeg_q60": {
    "Accuracy": 0.9594763092269327,
    "Precision": 0.9695176183454552,
    "Recall": 0.9391737462429683,
    "F1": 0.9533506772964262,
    "ConfusionMatrix": [
      [
        241,
        1,
        1,
        0,
        0,
        12,
        0
      ],
      [
        0,
        441,
        0,
        3,
        1,
        88,
        8
      ],
      [
        1,
        3,
        156,
        0,
        1,
        9,
        0
      ],
      [
        1,
        2,
        0,
        568,
        3,
        3,
        11
      ],
      [
        0,
        0,
        0,
        0,
        753,
        0,
        0
      ],
      [
        2,
        13,
        1,
        0,
        0,
        2010,
        2
      ],
      [
        0,
        9,
        0,
        5,
        0,
        15,
        448
      ]
    ],
    "Labels": [
      "babesia",
      "leishmania",
      "plasmodium",
      "toxoplasma1000x",
      "toxoplasma400x",
      "trichomonad",
      "trypanosome"
    ],