{
  "Accuracy": 0.9027431421446384,
  "Precision": 0.8772083039570531,
  "Recall": 0.8727226095190721,
  "F1": 0.8746800742089226,
  "ConfusionMatrix": [
    [
      217,
      2,
      16,
      5,
      0,
      12,
      3
    ],
    [
      6,
      403,
      1,
      4,
      3,
      104,
      20
    ],
    [
      19,
      4,
      133,
      0,
      2,
      12,
      0
    ],
    [
      8,
      4,
      2,
      551,
      4,
      5,
      14
    ],
    [
      1,
      1,
      2,
      1,
      748,
      0,
      0
    ],
    [
      15,
      122,
      2,
      3,
      0,
      1874,
      12
    ],
    [
      2,
      15,
      1,
      18,
      1,
      22,
      418
    ]
  ],
  "Labels": [
    "babesia",
    "leishmania",
    "plasmodium",
    "toxoplasma1000x",
    "toxoplasma400x",
    "trichomonad",
    "trypanosome"
  ]
}