{
  "Accuracy": 0.9416043225270158,
  "Precision": 0.9535955574979523,
  "Recall": 0.9210261404909174,
  "F1": 0.9361874947871739,
  "ConfusionMatrix": [
    [
      242,
      6,
      0,
      1,
      0,
      5,
      1
    ],
    [
      0,
      427,
      0,
      3,
      1,
      106,
      4
    ],
    [
      3,
      3,
      153,
      0,
      0,
      11,
      0
    ],
    [
      2,
      2,
      1,
      574,
      1,
      6,
      2
    ],
    [
      0,
      0,
      0,
      1,
      752,
      0,
      0
    ],
    [
      0,
      56,
      0,
      0,
      0,
      1972,
      0
    ],
    [
      0,
      17,
      0,
      19,
      0,
      30,
      411
    ]
  ],
  "Labels": [
    "babesia",
    "leishmania",
    "plasmodium",
    "toxoplasma1000x",
    "toxoplasma400x",
    "trichomonad",
    "trypanosome"
  ]
}