{
  "Accuracy": 0.941812136325852,
  "Precision": 0.9540073763168488,
  "Recall": 0.9221272098494785,
  "F1": 0.9369638996010838,
  "ConfusionMatrix": [
    [
      243,
      6,
      0,
      1,
      0,
      5,
      0
    ],
    [
      0,
      427,
      0,
      3,
      1,
      105,
      5
    ],
    [
      2,
      3,
      154,
      0,
      0,
      11,
      0
    ],
    [
      2,
      2,
      1,
      574,
      1,
      6,
      2
    ],
    [
      0,
      0,
      0,
      1,
      752,
      0,
      0
    ],
    [
      0,
      56,
      0,
      0,
      0,
      1972,
      0
    ],
    [
      0,
      17,
      0,
      20,
      0,
      30,
      410
    ]
  ],
  "Labels": [
    "babesia",
    "leishmania",
    "plasmodium",
    "toxoplasma1000x",
    "toxoplasma400x",
    "trichomonad",
    "trypanosome"
  ]
}