Accuracy,Precision,Recall,F1,TestTimeSeconds
0.313175394846218,0.35476859888067,0.405164370691172,0.230668830879598,164.0818733
