{
  "Accuracy": 0.9416043225270158,
  "Precision": 0.9536364460328761,
  "Recall": 0.9212197593749956,
  "F1": 0.9363125617054846,
  "ConfusionMatrix": [
    [
      242,
      6,
      0,
      1,
      0,
      5,
      1
    ],
    [
      0,
      428,
      0,
      3,
      1,
      105,
      4
    ],
    [
      3,
      3,
      153,
      0,
      0,
      11,
      0
    ],
    [
      2,
      2,
      1,
      574,
      1,
      6,
      2
    ],
    [
      0,
      0,
      0,
      1,
      752,
      0,
      0
    ],
    [
      0,
      57,
      0,
      0,
      0,
      1971,
      0
    ],
    [
      0,
      16,
      0,
      19,
      0,
      31,
      411
    ]
  ],
  "Labels": [
    "babesia",
    "leishmania",
    "plasmodium",
    "toxoplasma1000x",
    "toxoplasma400x",
    "trichomonad",
    "trypanosome"
  ]
}